{
  "K": [
    [
      833.3333333333334,
      0.0,
      300.0
    ],
    [
      0.0,
      833.3333333333334,
      200.0
    ],
    [
      0.0,
      0.0,
      1.0
    ]
  ],
  "R": [
    [
      1.0,
      -0.0,
      0.0
    ],
    [
      0.0,
      -0.9848077893257141,
      0.1736481934785843
    ],
    [
      -0.0,
      -0.1736481934785843,
      -0.9848077893257141
    ]
  ],
  "t": [
    -0.10000000894069672,
    0.5804300904273987,
    8.225759506225586
  ]
}