{
  "K": [
    [
      1000.0,
      0.0,
      360.0
    ],
    [
      0.0,
      1000.0,
      240.0
    ],
    [
      0.0,
      0.0,
      1.0
    ]
  ],
  "R": [
    [
      1.0,
      -0.0,
      0.0
    ],
    [
      0.0,
      -0.9848077893257141,
      0.1736481934785843
    ],
    [
      -0.0,
      -0.1736481934785843,
      -0.9848077893257141
    ]
  ],
  "t": [
    0.0,
    0.5804300904273987,
    8.225759506225586
  ]
}