{
  "K": [
    [
      833.3333333333334,
      0.0,
      300.0
    ],
    [
      0.0,
      833.3333333333334,
      200.0
    ],
    [
      0.0,
      0.0,
      1.0
    ]
  ],
  "R": [
    [
      -4.371139183945161e-08,
      1.0,
      -8.881785255792436e-16
    ],
    [
      0.9848077893257141,
      4.304731504589654e-08,
      0.1736481934785843
    ],
    [
      0.1736481934785843,
      7.59040386100196e-09,
      -0.9848077893257141
    ]
  ],
  "t": [
    -0.10000008344650269,
    0.5804300904273987,
    8.225759506225586
  ]
}